0.jpg,0
1.jpg,0
10.jpg,0
11.jpg,6
12.jpg,6
13.jpg,6
14.jpg,3
15.jpg,5
16.jpg,3
17.jpg,2
18.jpg,6
19.jpg,4
2.jpg,2
20.jpg,4
21.jpg,2
22.jpg,0
23.jpg,0
24.jpg,3
25.jpg,3
26.jpg,5
27.jpg,0
28.jpg,3
29.jpg,5
3.jpg,4
30.jpg,3
31.jpg,6
32.jpg,3
33.jpg,2
34.jpg,3
35.jpg,6
36.jpg,6
37.jpg,6
38.jpg,0
39.jpg,5
4.jpg,6
40.jpg,0
41.jpg,3
42.jpg,4
43.jpg,0
44.jpg,6
45.jpg,2
46.jpg,3
47.jpg,6
48.jpg,2
49.jpg,2
5.jpg,2
50.jpg,2
51.jpg,5
52.jpg,5
53.jpg,6
54.jpg,4
55.jpg,5
56.jpg,0
57.jpg,3
58.jpg,4
59.jpg,2
6.jpg,4
60.jpg,6
61.jpg,5
62.jpg,3
63.jpg,4
64.jpg,3
65.jpg,0
66.jpg,4
67.jpg,3
68.jpg,0
69.jpg,5
7.jpg,3
8.jpg,3
9.jpg,2
